Website,levels,Imported?
https://github.com/coleam00/Archon,10,
https://github.com/coleam00/local-ai-packaged,10,
https://github.com/bmad-code-org/BMAD-METHOD,5,
https://docs.claude.com/en/docs/,5,
https://docs.claude.com/en/docs/claude-code,5,
https://docs.gitlab.com/user/,3,
https://docs.gitlab.com/administration/,3,
https://docs.gitlab.com/api/,3,
https://docs.gitlab.com/,6,
https://gitlab.com/atlas-datascience/lion,10,
wiki,,
issues,,
repos,,
,,
business plan,,
tech stack,,
wiki,,
